{
    "LOAD1": {
        "bus": "bus_012",
        "kv": 0.22,
        "kw": 3.95251,
        "kvar": 0.38724,
        "multi_p": [0.4873,0.4837,0.4167,0.3613,0.3910,0.3842,0.5055,0.5097,0.7013,0.8342,0.7933,0.5522,0.5543,0.5182,0.5194,0.5867,0.5829,0.8999,0.9643,1.0581,1.0000,0.9892,0.8910,0.8344],
        "multi_q": [0.0868,0.6062,0.5977,0.4528,0.9950,0.9053,1.0968,0.8239,1.2622,1.1966,0.7084,0.2954,0.4950,0.2772,0.2778,0.2091,0.0000,0.3207,0.6883,0.7552,0.7138,0.8834,0.1587,0.2974]
    },
    "BESS1": {
        "bus": "bus_006",
        "kv": 0.22,
        "kw": 1.21518,
        "kvar": 0.20975,
        "multi_p": [-0.00077,-0.00080,-0.00079,-0.00078,0.29994,0.49993,0.69992,0.89990,0.99991,1.00000,0.99909,0.99990,0.69992,0.49995,0.29997,-0.00002,-0.00001,-2.63374,-2.63374,-2.63374,-0.00081,-0.00083,-0.00084,-0.00084],
        "multi_q": [0.1728724672,0.1761144219,0.1733969011,0.2222169249,0.640238379,0.5854588796,0.7468891538,0.9595709178,0.9564719905,0.9593325387,1,0.9253873659,0.9105601907,0.7486054827,0.6158283671,0.6493444577,0.3065554231,0.6246483909,0.6462455304,0.6743265793,0.1760667461,0.1794994041,0.2010965435,0.1979976162]
    },
    "PV1": {
        "bus": "bus_006",
        "kv": 0.22,
        "kw": 8,
        "kvar": 0,
        "multi_p": [0, 0, 0, 0, 0.4, 0.7, 0.8, 0.96, 0.97, 0.99, 1, 0.97, 0.95, 0.8, 0.7, 0.4, 0.1, 0, 0, 0, 0, 0, 0, 0]
    },
    "WIRE":{
        "Rdc": 0.52, 
        "Rac": 0.63, 
        "Radius": 3.338 
    }
}